{"properties": [
  {
    "name": "sr_address",
    "type": "java.lang.String",
    "description": "A description for 'sr_address'"
  },
  {
    "name": "sr_port",
    "type": "java.lang.Integer",
    "description": "A description for 'sr_port'"
  },
  {
    "name": "enable_auth_for_cloud",
    "type": "java.lang.Boolean",
    "description": "A description for 'enable_auth_for_cloud'"
  },
  {
    "name": "trust-store",
    "type": "java.lang.String",
    "description": "A description for 'trust-store'"
  },
  {
    "name": "trust-store-password",
    "type": "java.lang.String",
    "description": "A description for 'trust-store-password'"
  },
  {
    "name": "disable.hostname.verifier",
    "type": "java.lang.Boolean",
    "description": "A description for 'disable.hostname.verifier'"
  },
  {
    "name": "log_all_request_and_response",
    "type": "java.lang.Boolean",
    "description": "A description for 'log_all_request_and_response'"
  },
  {
    "name": "core_system_name",
    "type": "java.lang.String",
    "description": "A description for 'core_system_name'"
  },
  {
    "name": "use_strict_service_intf_name_verifier",
    "type": "java.lang.Boolean",
    "description": "A description for 'use_strict_service_intf_name_verifier'"
  },
  {
    "name": "eventhandler_is_present",
    "type": "java.lang.Boolean",
    "description": "A description for 'eventhandler_is_present'"
  }
]}