{"properties": [
  {
    "name": "sr_address",
    "type": "java.lang.String",
    "description": "A description for 'sr_address'"
  },
  {
    "name": "sr_port",
    "type": "java.lang.Integer",
    "description": "A description for 'sr_port'"
  },
  {
    "name": "disable.hostname.verifier",
    "type": "java.lang.Boolean",
    "description": "A description for 'disable.hostname.verifier'"
  },
  {
    "name": "log_all_request_and_response",
    "type": "java.lang.Boolean",
    "description": "A description for 'log_all_request_and_response'"
  },
  {
    "name": "core_system_name",
    "type": "java.lang.String",
    "description": "A description for 'core_system_name'"
  }
]}