{"properties": [
  {
    "name": "ping_scheduled",
    "type": "java.lang.Boolean",
    "description": "A description for 'ping_scheduled'"
  },
  {
    "name": "ping_timeout",
    "type": "java.lang.Long",
    "description": "A description for 'ping_timeout'"
  },
  {
    "name": "ping_interval",
    "type": "java.lang.Long",
    "description": "A description for 'ping_interval'"
  },
  {
    "name": "ttl_scheduled",
    "type": "java.lang.Boolean",
    "description": "A description for 'ttl_scheduled'"
  },
  {
    "name": "ttl_interval",
    "type": "java.lang.Long",
    "description": "A description for 'ttl_interval'"
  },
  {
    "name": "disable.hostname.verifier",
    "type": "java.lang.Boolean",
    "description": "A description for 'disable.hostname.verifier'"
  },
  {
    "name": "log_all_request_and_response",
    "type": "java.lang.Boolean",
    "description": "A description for 'log_all_request_and_response'"
  },
  {
    "name": "use_strict_service_intf_name_verifier",
    "type": "java.lang.Boolean",
    "description": "A description for 'use_strict_service_intf_name_verifier'"
  },
  {
    "name": "core_system_name",
    "type": "java.lang.String",
    "description": "A description for 'core_system_name'"
  }
]}